,links
0,http://nyti.ms/2pu6zPB
1,http://nyti.ms/2p7yLHz
2,http://nyti.ms/2pbc1rA
3,http://nyti.ms/2nVSI5m
4,http://nyti.ms/2oOUPqM
5,http://nyti.ms/2pafy5r
6,http://nyti.ms/2oD6vNN
7,http://nyti.ms/2obJUnE
8,http://nyti.ms/2nhLlTP
9,http://nyti.ms/2mURC5e
10,http://nyti.ms/2nJ5zHi
11,http://nyti.ms/2nssA0F
12,http://nyti.ms/2nDn6gV
13,http://nyti.ms/2naqRwQ
14,http://nyti.ms/2mG9fGA
15,http://nyti.ms/2n0JBig
16,http://nyti.ms/2mfGK2c
17,http://nyti.ms/2lpC2xG
18,http://nyti.ms/2lT3VBG
19,http://nyti.ms/2lgVBYP
20,http://nyti.ms/2mkb37G
21,http://nyti.ms/2lIWL2r
22,http://nyti.ms/2lrYyIR
23,http://nyti.ms/2mntJm8
24,http://nyti.ms/2mcA04J
25,http://nyti.ms/2lp8AKF
26,http://nyti.ms/2lDTKAx
27,http://nyti.ms/2lDIvba
28,http://nyti.ms/2lBBis5
29,http://nyti.ms/2m1yNAp
30,http://nyti.ms/2m17tlS
31,http://nyti.ms/2kEgD7D
32,http://nyti.ms/2lYlAbI
33,http://nyti.ms/2mcqxth
34,http://nyti.ms/2lz1kwR
35,http://nyti.ms/2lkgDXu
36,http://nyti.ms/2kBTG56
37,http://nyti.ms/2kMSgQu
38,http://nyti.ms/2mbHWCn
39,http://nyti.ms/2lVNoxo
40,http://nyti.ms/2lwnakc
41,http://nyti.ms/2kS3gMY
42,http://nyti.ms/2kJQsra
43,http://nyti.ms/2kzA815
44,http://nyti.ms/2lVlFgk
45,http://nyti.ms/2lgsJAV
46,http://nyti.ms/2lTOnyf
47,http://nyti.ms/2lghMiR
48,http://nyti.ms/2lWI49S
49,http://nyti.ms/2l2NscX
50,http://nyti.ms/2kGj05a
51,http://nyti.ms/2lnuNK1
52,http://nyti.ms/2lnEiIY
53,http://nyti.ms/2kO1T1V
54,http://nyti.ms/2lbLGEO
55,http://nyti.ms/2kNN1AC
56,http://nyti.ms/2lnzmU5
57,http://nyti.ms/2ks2tq6
58,http://nyti.ms/2lj20pD
59,http://nyti.ms/2l9HBkE
60,http://nyti.ms/2l9O92E
61,http://nyti.ms/2kLyoxC
62,http://nyti.ms/2lQ86vm
63,http://nyti.ms/2l8B9u9
64,http://nyti.ms/2lLoqAB
65,http://nyti.ms/2l7xjBj
66,http://nyti.ms/2kwzywm
67,http://nyti.ms/2kuXUXi
68,http://nyti.ms/2kmWm6n
69,http://nyti.ms/2lLd0JO
70,http://nyti.ms/2leBSMk
71,http://nyti.ms/2klixK0
72,http://nyti.ms/2kLh7XQ
73,http://nyti.ms/2kCR2Ys
74,http://nyti.ms/2lH2hQ6
75,http://nyti.ms/2knDXBL
76,http://nyti.ms/2kAmGpO
77,http://nyti.ms/2khBJbT
78,http://nyti.ms/2kAgmP6
79,http://nyti.ms/2l8qvpb
80,http://nyti.ms/2klhJ3f
81,http://nyti.ms/2l4fhlV
82,http://nyti.ms/2l4ayAS
83,http://nyti.ms/2kHxNzr
84,http://nyti.ms/2kxqIPr
85,http://nyti.ms/2khP2UU
86,http://nyti.ms/2kgZpZ0
87,http://nyti.ms/2kCzBtT
88,http://nyti.ms/2kSxfVZ
89,http://nyti.ms/2kf7P2Q
90,http://nyti.ms/2kBT1Pa
91,http://nyti.ms/2kAsTEn
92,http://nyti.ms/2kWAKND
93,http://nyti.ms/2lx3gmF
94,http://nyti.ms/2kYZ5lv
95,http://nyti.ms/2koYRRG
96,http://nyti.ms/2k7paj1
97,http://nyti.ms/2kUUTmX
98,http://nyti.ms/2kJzOtm
99,http://nyti.ms/2knRl9s
100,http://nyti.ms/2knn0I4
101,http://nyti.ms/2kOHLjq
102,http://nyti.ms/2kFzN9P
103,http://nyti.ms/2kPQDVQ
104,http://nyti.ms/2kopDvI
105,http://nyti.ms/2kGA8vu
106,http://nyti.ms/2jVor4z
107,http://nyti.ms/2kfgKCt
108,http://nyti.ms/2jVkNaF
109,http://nyti.ms/2kGsAJf
110,http://nyti.ms/2kAwCAf
111,http://nyti.ms/2jUj0CU
112,http://nyti.ms/2lgqzks
113,http://nyti.ms/2kEVeul
114,http://nyti.ms/2kEIjIF
115,http://nyti.ms/2leQtou
116,http://nyti.ms/2jSGJUa
117,http://nyti.ms/2ldETcB
118,http://nyti.ms/2kfUXwA
119,http://nyti.ms/2kteisX
120,http://nyti.ms/2kbl9c5
121,http://nyti.ms/2l5UcF9
122,http://nyti.ms/2k5kne4
123,http://nyti.ms/2k4j8vI
124,http://nyti.ms/2kwXFip
125,http://nyti.ms/2k5ws5w
126,http://nyti.ms/2ko0Jx4
127,http://nyti.ms/2kREkoD
128,http://nyti.ms/2kRoDO3
129,http://nyti.ms/2kQj4PZ
130,http://nyti.ms/2kcd0ST
131,http://nyti.ms/2kNkj6B
132,http://nyti.ms/2kMWk3j
133,http://nyti.ms/2kFPZr8
134,http://nyti.ms/2kKix1Y
135,http://nyti.ms/2jGQrak
136,http://nyti.ms/2kIK2cr
137,http://nyti.ms/2jLq68s
138,http://nyti.ms/2jKTjAy
139,http://nyti.ms/2kI6t1t
140,http://nyti.ms/2keEx8B
141,http://nyti.ms/2kBQH8f
142,http://nyti.ms/2jH5gYb
143,http://nyti.ms/2kbDtSN
144,http://nyti.ms/2kDwzGW
145,http://nyti.ms/2jGVvck
146,http://nyti.ms/2kCNoxA
147,http://nyti.ms/2k1DW7V
148,http://nyti.ms/2k1TiJo
149,http://nyti.ms/2kC9G6E
150,http://nyti.ms/2kBN7yN
151,http://nyti.ms/2jxh2q4
152,http://nyti.ms/2jXfbJX
153,http://nyti.ms/2kq49MX
154,http://nyti.ms/2ju1WBO
155,http://nyti.ms/2jBnr1a
156,http://nyti.ms/2jPDcTf
157,http://nyti.ms/2jWMZZU
158,http://nyti.ms/2kfyzlf
159,http://nyti.ms/2jVs7SD
160,http://nyti.ms/2jNc6Mq
161,http://nyti.ms/2js7Jp0
162,http://nyti.ms/2jV8EPH
163,http://nyti.ms/2iRa5BE
164,http://nyti.ms/2k8LVPp
165,http://nyti.ms/2iOeaGF
166,http://nyti.ms/2jMCqsv
167,http://nyti.ms/2jj8mkM
168,http://nyti.ms/2jyeM0h
169,http://nyti.ms/2iJqg43
170,http://nyti.ms/2k7Y3jD
171,http://nyti.ms/2jGj1cV
172,http://nyti.ms/2jf6s4t
173,http://nyti.ms/2iHGvhN
174,http://nyti.ms/2jz0YVH
175,http://nyti.ms/2jRBkch
176,http://nyti.ms/2jLzI3E
177,http://nyti.ms/2j8OnoI
178,http://nyti.ms/2jwnuhN
179,http://nyti.ms/2jH2JNW
180,http://nyti.ms/2jXzIRw
181,http://nyti.ms/2jU6xyO
182,http://nyti.ms/2irzHVs
183,http://nyti.ms/2jeuyx2
184,http://nyti.ms/2jevAcF
185,http://nyti.ms/2iXGuCo
186,http://nyti.ms/2ivkqht
187,http://nyti.ms/2iqV5dE
188,http://nyti.ms/2jTrBFr
189,http://nyti.ms/2ixwZfF
190,http://nyti.ms/2ilGEYe
191,http://nyti.ms/2jQKgSv
192,http://nyti.ms/2iUdkV3
193,http://nyti.ms/2iuxt6d
194,http://nyti.ms/2im2uLi
195,http://nyti.ms/2jgh9Xk
196,http://nyti.ms/2innr3o
197,http://nyti.ms/2ikcQK4
198,http://nyti.ms/2j1qiAX
199,http://nyti.ms/2jCzfE3
200,http://nyti.ms/2ih5yX9
201,http://nyti.ms/2jfN5Zx
202,http://nyti.ms/2ieizkm
203,http://nyti.ms/2jxqF9J
204,http://nyti.ms/2iXCkxB
205,http://nyti.ms/2iT9lLk
206,http://nyti.ms/2js0hhw
207,http://nyti.ms/2i5yUo4
208,http://nyti.ms/2iS4SGB
209,http://nyti.ms/2irqTLg
210,http://nyti.ms/2i53TEk
211,http://nyti.ms/2i4VHUs
212,http://nyti.ms/2jo52bV
213,http://nyti.ms/2jnPdlu
214,http://nyti.ms/2j2u90r
215,http://nyti.ms/2ikMWDp
216,http://nyti.ms/2iZaKxf
217,http://nyti.ms/2i0Ec7G
218,http://nyti.ms/2hXLydS
219,http://nyti.ms/2hY4pR7
220,http://nyti.ms/2hXyUqq
221,http://nyti.ms/2iJ2NMW
222,http://nyti.ms/2hVQlaB
223,http://nyti.ms/2hURnIQ
224,http://nyti.ms/2ieoKCy
225,http://nyti.ms/2hU0yYs
226,http://nyti.ms/2iDA7Vu
227,http://nyti.ms/2j7i0uw
228,http://nyti.ms/2hQ005T
229,http://nyti.ms/2j6k1Hb
230,http://nyti.ms/2hNqq5a
231,http://nyti.ms/2ivMFjI
232,http://nyti.ms/2hKGuEJ
233,http://nyti.ms/2iycBJL
234,http://nyti.ms/2iNxIKQ
235,http://nyti.ms/2hAJsP9
236,http://nyti.ms/2iphqEZ
237,http://nyti.ms/2ilEFjq
238,http://nyti.ms/2iAG1GA
239,http://nyti.ms/2hCjigr
240,http://nyti.ms/2hzwqOJ
241,http://nyti.ms/2hDgOOX
242,http://nyti.ms/2hD4L46
243,http://nyti.ms/2hDasiw
244,http://nyti.ms/2hA6S92
245,http://nyti.ms/2hxbYRX
246,http://nyti.ms/2hA6hnB
247,http://nyti.ms/2hx55zG
248,http://nyti.ms/2hQQMUu
249,http://nyti.ms/2ibFFIG
250,http://nyti.ms/2hsrwD3
251,http://nyti.ms/2i6XYPj
252,http://nyti.ms/2idSrVj
253,http://nyti.ms/2ibHjbq
254,http://nyti.ms/2husS57
255,http://nyti.ms/2hrP6EH
256,http://nyti.ms/2hnGxJG
257,http://nyti.ms/2ipzDFm
258,http://nyti.ms/2hcVrz0
259,http://nyti.ms/2irNhE4
260,http://nyti.ms/2hcKo8O
261,http://nyti.ms/2hcE0P2
262,http://nyti.ms/2hckvpI
263,http://nyti.ms/2i0lw6B
264,http://nyti.ms/2ijz93A
265,http://nyti.ms/2imYbe3
266,http://nyti.ms/2hj4YJN
267,http://nyti.ms/2hZ3OAf
268,http://nyti.ms/2h5tPvL
269,http://nyti.ms/2ieSRgZ
270,http://nyti.ms/2i4waZu
271,http://nyti.ms/2iihdSO
272,http://nyti.ms/2hTXi04
273,http://nyti.ms/2hZsGYm
274,http://nyti.ms/2ickd3l
275,http://nyti.ms/2hQwuxw
276,http://nyti.ms/2i4tcHA
277,http://nyti.ms/2hN3xAk
278,http://nyti.ms/2hOaAer
279,http://nyti.ms/2hMqztw
280,http://nyti.ms/2hLgEo6
281,http://nyti.ms/2gQYooN
282,http://nyti.ms/2gPNOhL
283,http://nyti.ms/2hWXn3k
284,http://nyti.ms/2hxUTre
285,http://nyti.ms/2i3OSj3
286,http://nyti.ms/2hNbYLl
287,http://nyti.ms/2hN8DMt
288,http://nyti.ms/2gXYD4N
289,http://nyti.ms/2hDHMFk
290,http://nyti.ms/2hk28CU
291,http://nyti.ms/2gKekJp
292,http://nyti.ms/2gKFeAF
293,http://nyti.ms/2hCQxQc
294,http://nyti.ms/2hX4fdg
295,http://nyti.ms/2hBIe7d
296,http://nyti.ms/2hAZ8CY
297,http://nyti.ms/2hAVjxj
298,http://nyti.ms/2gGzE2h
299,http://nyti.ms/2htoS12
300,http://nyti.ms/2gIZyFW
301,http://nyti.ms/2hsS4VY
302,http://nyti.ms/2hAtt50
303,http://nyti.ms/2hImmTM
304,http://nyti.ms/2hnD2k9
305,http://nyti.ms/2hFM5fS
306,http://nyti.ms/2hDSZlD
307,http://nyti.ms/2h7bthv
308,http://nyti.ms/2hsJl9o
309,http://nyti.ms/2hdK3Xl
310,http://nyti.ms/2hiWH81
311,http://nyti.ms/2gt8uka
312,http://nyti.ms/2hlTYIb
313,http://nyti.ms/2hiKTj1
314,http://nyti.ms/2hvn0E2
315,http://nyti.ms/2hoGuyp
316,http://nyti.ms/2hgFAB0
317,http://nyti.ms/2hear3B
318,http://nyti.ms/2gKtLlD
319,http://nyti.ms/2hej2Uc
320,http://nyti.ms/2h5Aud1
321,http://nyti.ms/2hkv3HP
322,http://nyti.ms/2h7GVwx
323,http://nyti.ms/2h6h9pO
324,http://nyti.ms/2h5Fw9v
325,http://nyti.ms/2gzRmFo
326,http://nyti.ms/2he49S8
327,http://nyti.ms/2gZvNiC
328,http://nyti.ms/2gWeNcO
329,http://nyti.ms/2gtoEWS
330,http://nyti.ms/2gY6Q9R
331,http://nyti.ms/2gire1O
332,http://nyti.ms/2gpACRn
333,http://nyti.ms/2gTR8u5
334,http://nyti.ms/2fTFBO9
335,http://nyti.ms/2gSQ2kl
336,http://nyti.ms/2fQVepr
337,http://nyti.ms/2gjajw7
338,http://nyti.ms/2giU561
339,http://nyti.ms/2gijuNo
340,http://nyti.ms/2gVPGWL
341,http://nyti.ms/2fP9UoT
342,http://nyti.ms/2gzOxYi
343,http://nyti.ms/2gMhTms
344,http://nyti.ms/2gZNsKa
345,http://nyti.ms/2oM1OBY
346,http://nyti.ms/2oPTQ63
347,http://nyti.ms/2oAzhzp
348,http://nyti.ms/2pPuLtM
349,http://nyti.ms/2pa5dKy
350,http://nyti.ms/2oB6Z4x
351,http://nyti.ms/2pFYXGL
352,http://nyti.ms/2oa6jlF
353,http://nyti.ms/2oQeU0l
354,http://nyti.ms/2oK2kjA
355,http://nyti.ms/2mYEjow
356,http://nyti.ms/2oiGd3E
357,http://nyti.ms/2nja2wM
358,http://nyti.ms/2opZCeK
359,http://nyti.ms/2nS1u0h
360,http://nyti.ms/2mFH3lo
361,http://nyti.ms/2mUCfdW
362,http://nyti.ms/2mCVure
363,http://nyti.ms/2nJqIgA
364,http://nyti.ms/2mt1oeE
365,http://nyti.ms/2mocscO
366,http://nyti.ms/2mGSaOx
367,http://nyti.ms/2nfRz7K
368,http://nyti.ms/2mXl11L
369,http://nyti.ms/2lL6JBQ
370,http://nyti.ms/2lIgfFL
371,http://nyti.ms/2miMx8L
372,http://nyti.ms/2lTFl0n
373,http://nyti.ms/2mBndwl
374,http://nyti.ms/2lqPFMl
375,http://nyti.ms/2mwHBeO
376,http://nyti.ms/2mzVzvv
377,http://nyti.ms/2mirk0e
378,http://nyti.ms/2l8BNGk
379,http://nyti.ms/2lPCwjZ
380,http://nyti.ms/2mm4sJ0
381,http://nyti.ms/2lYjIj6
382,http://nyti.ms/2kNGl5A
383,http://nyti.ms/2kxIUaS
384,http://nyti.ms/2ktjrzH
385,http://nyti.ms/2koQxR4
386,http://nyti.ms/2l0YQa4
387,http://nyti.ms/2kXOXcU
388,http://nyti.ms/2krROtO
389,http://nyti.ms/2jV2BxX
390,http://nyti.ms/2kAl1na
391,http://nyti.ms/2kZJ7sh
392,http://nyti.ms/2k4SXYf
393,http://nyti.ms/2jylQxe
394,http://nyti.ms/2jYHrxm
395,http://nyti.ms/2krq8pW
396,http://nyti.ms/2kcUEkL
397,http://nyti.ms/2kKSsnz
398,http://nyti.ms/2keHqX2
399,http://nyti.ms/2kBYqTw
400,http://nyti.ms/2koUs1h
401,http://nyti.ms/2jtllAu
402,http://nyti.ms/2kcKJKR
403,http://nyti.ms/2iX004r
404,http://nyti.ms/2jocz7H
405,http://nyti.ms/2jvpnJ4
406,http://nyti.ms/2isqUkq
407,http://nyti.ms/2j7cRBO
408,http://nyti.ms/2jwlmY9
409,http://nyti.ms/2i5rZLR
410,http://nyti.ms/2i4jy6R
411,http://nyti.ms/2i0MPzi
412,http://nyti.ms/2hS0Njv
413,http://nyti.ms/2ib5O7L
414,http://nyti.ms/2j4xbV8
415,http://nyti.ms/2hDofEn
416,http://nyti.ms/2hUML1o
417,http://nyti.ms/2hTXSaE
418,http://nyti.ms/2hcj6Q9
419,http://nyti.ms/2ijQhlz
420,http://nyti.ms/2nZQcr4
421,http://nyti.ms/2irIbaV
422,http://nyti.ms/2ioZMEv
423,http://nyti.ms/2hn5NjS
424,http://nyti.ms/2hGtpwz
425,http://nyti.ms/2pAtmtV
426,http://nyti.ms/2mtkuRm
427,http://nyti.ms/2lMdhjv
